Date,Order ID,SKU,Qty
2026-09-16,ORD-1001,WB-STL,3
2026-09-16,ORD-1002,NAM-42,1
2026-09-17,ORD-1003,WB-STL,4
2026-09-17,ORD-1004,TS-BLK-M,2
2026-09-18,ORD-1005,CAP-01,2
2026-09-18,ORD-1006,WB-STL,2
2026-09-19,ORD-1007,HD-GRY-L,3
2026-09-20,ORD-1008,JN-BLU-32,2
2026-09-20,ORD-1009,WB-STL,5
2026-09-21,ORD-1010,NAM-42,2
2026-09-22,ORD-1011,TS-BLK-M,3
2026-09-22,ORD-1012,SG-AVT,1
2026-09-23,ORD-1013,WB-STL,4
2026-09-24,ORD-1014,HD-GRY-L,2
2026-09-25,ORD-1015,NAM-42,1
2026-09-26,ORD-1016,WB-STL,3
2026-09-27,ORD-1017,TS-BLK-M,2
2026-09-28,ORD-1018,CAP-01,1
2026-09-29,ORD-1019,WB-STL,4
2026-09-29,ORD-1020,BP-CNV,1